<?xml version="1.0" encoding="UTF-8"?>
<project-private xmlns="http://www.netbeans.org/ns/project-private/1">
    <editor-bookmarks xmlns="http://www.netbeans.org/ns/editor-bookmarks/2" lastBookmarkId="0"/>
    <open-files xmlns="http://www.netbeans.org/ns/projectui-open-files/2">
        <group>
            <file>file:/Users/la6of/Desktop/project/src/discount.java</file>
            <file>file:/Users/la6of/Desktop/project/src/payment.java</file>
            <file>file:/Users/la6of/Desktop/project/src/Tickets.java</file>
            <file>file:/Users/la6of/Desktop/project/src/Location.java</file>
            <file>file:/Users/la6of/Desktop/project/src/Details.java</file>
            <file>file:/Users/la6of/Desktop/project/src/Data.java</file>
            <file>file:/Users/la6of/Desktop/project/src/buy.java</file>
            <file>file:/Users/la6of/Desktop/project/src/finalreceipt.java</file>
            <file>file:/Users/la6of/Desktop/project/src/Welcome.java</file>
        </group>
    </open-files>
</project-private>
